{
    "address": "0x812650FB6Acdf9dD47E631cBB5518B32FFD4D129",
    "avg_channels_per_node": 1.7777777777777777,
    "avg_deposit_per_channel": 3.0459613793206895e+19,
    "avg_deposit_per_node": 2.4536911111194444e+19,
    "channels": [
        {
            "channel_identifier": 8,
            "deposit1": 200000000000000,
            "deposit2": 100000000000000,
            "participant1": "0xde8bb691fB44C0452ac9ff79374550587A7d2597",
            "participant2": "0xd97938A02911cB90338D4c3da7e62C37dc700bdE",
            "status": "opened"
        },
        {
            "channel_identifier": 9,
            "deposit1": 1000000000000000000,
            "deposit2": 100000000000000000000,
            "participant1": "0x52Adaf45Cbb1075Df1E1FB974962e8251434857F",
            "participant2": "0x1F916ab5cf1B30B22f24Ebf435f53Ee665344Acf",
            "status": "opened"
        },
        {
            "channel_identifier": 10,
            "deposit1": 1000000001000000000,
            "deposit2": 100000000000000000000,
            "participant1": "0x70EEd2C6fa39668d45740FE6589649293661Ae5b",
            "participant2": "0x1F916ab5cf1B30B22f24Ebf435f53Ee665344Acf",
            "status": "opened"
        },
        {
            "channel_identifier": 11,
            "deposit1": 1000000000000000000,
            "deposit2": 100000000000000000000,
            "participant1": "0x2fa2C6429f9F4A25C5A88F68dDA1D1466518516e",
            "participant2": "0x1F916ab5cf1B30B22f24Ebf435f53Ee665344Acf",
            "status": "opened"
        },
        {
            "channel_identifier": 12,
            "deposit1": 1000000000000000000,
            "deposit2": 100000000000000000000,
            "participant1": "0x23BdCB833803068300Aa864575D6b06FFDA118d5",
            "participant2": "0x1F916ab5cf1B30B22f24Ebf435f53Ee665344Acf",
            "status": "opened"
        },
        {
            "channel_identifier": 15,
            "deposit1": 100000000000000,
            "deposit2": 0,
            "participant1": "0xc5c2D2F246de822e4e34c40e857af065533b6Bf7",
            "participant2": "0x99B380caF76D3d631Db350ecc758fBA3af684085",
            "status": "opened"
        },
        {
            "channel_identifier": 16,
            "deposit1": 1000000000000000000,
            "deposit2": 100000000000000000000,
            "participant1": "0xd4D160C26DD3cc0E2F75DC4d49B3BaeEb92276d7",
            "participant2": "0x1F916ab5cf1B30B22f24Ebf435f53Ee665344Acf",
            "status": "opened"
        },
        {
            "channel_identifier": 22,
            "deposit1": 200000000000000,
            "deposit2": 0,
            "participant1": "0xde8bb691fB44C0452ac9ff79374550587A7d2597",
            "participant2": "0x0bae0289AAA26845224F528F9B9DefE69e01606E",
            "status": "opened"
        },
        {
            "channel_identifier": 24,
            "deposit1": 200000000000000,
            "deposit2": 0,
            "participant1": "0xd97938A02911cB90338D4c3da7e62C37dc700bdE",
            "participant2": "0x0bae0289AAA26845224F528F9B9DefE69e01606E",
            "status": "opened"
        },
        {
            "channel_identifier": 32,
            "deposit1": 10000000000000000000,
            "deposit2": 0,
            "participant1": "0x9bf12572aBd794b031313fE286040ce727eC6191",
            "participant2": "0x949e47d1E0C5351eCBb7C50bB5Dcf3fE915468e9",
            "status": "opened"
        },
        {
            "channel_identifier": 33,
            "deposit1": 10000000000000000000,
            "deposit2": 0,
            "participant1": "0x949e47d1E0C5351eCBb7C50bB5Dcf3fE915468e9",
            "participant2": "0xdD29eA8d403365BcbFFd659a13d4A24370e2d940",
            "status": "opened"
        },
        {
            "channel_identifier": 34,
            "deposit1": 10000000000000000000,
            "deposit2": 0,
            "participant1": "0xdD29eA8d403365BcbFFd659a13d4A24370e2d940",
            "participant2": "0x69b1fbC87DeEa5188daadC629eD48570857C3Aa3",
            "status": "opened"
        },
        {
            "channel_identifier": 36,
            "deposit1": 1000000000000000000,
            "deposit2": 0,
            "participant1": "0xDAad27196951Bd48a12a22A5c79923c93066Bc4b",
            "participant2": "0xaaa7890fDaD9abFa367e4D08b2e674678236758e",
            "status": "opened"
        },
        {
            "channel_identifier": 37,
            "deposit1": 0,
            "deposit2": 1000000000000000000,
            "participant1": "0xddd21DdB7657E07337acba30Da5987BB7A4d24af",
            "participant2": "0xaaa7890fDaD9abFa367e4D08b2e674678236758e",
            "status": "opened"
        },
        {
            "channel_identifier": 38,
            "deposit1": 10000000000000000000,
            "deposit2": 0,
            "participant1": "0x1f0B8Fbc1917D1bcA72a74ec539185ca7dA9e3f6",
            "participant2": "0xC39Be78851062dB032788F56563E82Cc612D255c",
            "status": "opened"
        },
        {
            "channel_identifier": 39,
            "deposit1": 10000000000000000000,
            "deposit2": 0,
            "participant1": "0xC39Be78851062dB032788F56563E82Cc612D255c",
            "participant2": "0xD21429c183Dd0e7a0988C68B7d2Cf65Dab088aD5",
            "status": "opened"
        },
        {
            "channel_identifier": 40,
            "deposit1": 10000000000000000000,
            "deposit2": 0,
            "participant1": "0xD21429c183Dd0e7a0988C68B7d2Cf65Dab088aD5",
            "participant2": "0x15563bc0299fEA563Ec9dE1c4cFDfa8dD23D5C0d",
            "status": "opened"
        },
        {
            "channel_identifier": 41,
            "deposit1": 10000000000000000000,
            "deposit2": 0,
            "participant1": "0x1f0B8Fbc1917D1bcA72a74ec539185ca7dA9e3f6",
            "participant2": "0x15563bc0299fEA563Ec9dE1c4cFDfa8dD23D5C0d",
            "status": "opened"
        },
        {
            "channel_identifier": 43,
            "deposit1": 10000000000000000,
            "deposit2": 0,
            "participant1": "0x0f545E58Be1CA6A08335E96f0BC6Ac4d8C2B7E14",
            "participant2": "0x99B380caF76D3d631Db350ecc758fBA3af684085",
            "status": "opened"
        },
        {
            "channel_identifier": 44,
            "deposit1": 1000000000,
            "deposit2": 1000000000,
            "participant1": "0xeB64730c0E9fEc17816dCCc10F014B2868B7e5fc",
            "participant2": "0x4B9140D7E6f2B96d459caD2d81F1C1c483856a8E",
            "status": "opened"
        },
        {
            "channel_identifier": 46,
            "deposit1": 100000000000000000,
            "deposit2": 0,
            "participant1": "0x167A47eDf1be2660317087f217853D8ae98AE7c6",
            "participant2": "0x0f545E58Be1CA6A08335E96f0BC6Ac4d8C2B7E14",
            "status": "opened"
        },
        {
            "channel_identifier": 47,
            "deposit1": 3000000000000000000,
            "deposit2": 0,
            "participant1": "0xAa1Ab1fDA93e14c2d564B25Ba08c9d374F5F9541",
            "participant2": "0x949e47d1E0C5351eCBb7C50bB5Dcf3fE915468e9",
            "status": "opened"
        },
        {
            "channel_identifier": 51,
            "deposit1": 2000000000000000,
            "deposit2": 0,
            "participant1": "0x171f0ea871A26cE1518c70AFfe8dccD919873B21",
            "participant2": "0x23BeDB6D27597243745d04F33Dd1C6548cF13003",
            "status": "opened"
        },
        {
            "channel_identifier": 53,
            "deposit1": 11000000000000000,
            "deposit2": 5000000000000000,
            "participant1": "0x4ab9706dA3C0098C4e251Ed2BB81D388C05D9A12",
            "participant2": "0x171f0ea871A26cE1518c70AFfe8dccD919873B21",
            "status": "opened"
        },
        {
            "channel_identifier": 54,
            "deposit1": 1000000000000000000,
            "deposit2": 100000000000000000000,
            "participant1": "0x97B8EA0906Fa8381BC38B0d8cDa5b4850CC30450",
            "participant2": "0x1F916ab5cf1B30B22f24Ebf435f53Ee665344Acf",
            "status": "opened"
        },
        {
            "channel_identifier": 55,
            "deposit1": 1000000000000000000,
            "deposit2": 100000000000000000000,
            "participant1": "0xF8C816E16743D7Df3c87872891c9e7A5054Ed3fe",
            "participant2": "0x1F916ab5cf1B30B22f24Ebf435f53Ee665344Acf",
            "status": "opened"
        },
        {
            "channel_identifier": 56,
            "deposit1": 50000000000000000,
            "deposit2": 50000000000000000,
            "participant1": "0x7EBCB45883298624C7F721065C8BB61e6Dee0278",
            "participant2": "0x0DAe4282fe47cbE3cc8c17e90e9a22DF25f577d3",
            "status": "opened"
        },
        {
            "channel_identifier": 57,
            "deposit1": 50000000000000000,
            "deposit2": 50000000000000000,
            "participant1": "0xfc964FBFA4C46Dcaf66D411c13A46863B47960E3",
            "participant2": "0x0DAe4282fe47cbE3cc8c17e90e9a22DF25f577d3",
            "status": "opened"
        },
        {
            "channel_identifier": 58,
            "deposit1": 1000000000000000000,
            "deposit2": 100000000000000000000,
            "participant1": "0xDb93bd04Ce2e2B42630c9ab1e0B171D73cB66264",
            "participant2": "0x1F916ab5cf1B30B22f24Ebf435f53Ee665344Acf",
            "status": "opened"
        }
    ],
    "nodes": {
        "0x0DAe4282fe47cbE3cc8c17e90e9a22DF25f577d3": {
            "closed": 0,
            "opened": 4,
            "settled": 0
        },
        "0x0bae0289AAA26845224F528F9B9DefE69e01606E": {
            "closed": 0,
            "opened": 2,
            "settled": 2
        },
        "0x0f545E58Be1CA6A08335E96f0BC6Ac4d8C2B7E14": {
            "closed": 0,
            "opened": 2,
            "settled": 2
        },
        "0x15563bc0299fEA563Ec9dE1c4cFDfa8dD23D5C0d": {
            "closed": 0,
            "opened": 2,
            "settled": 0
        },
        "0x167A47eDf1be2660317087f217853D8ae98AE7c6": {
            "closed": 0,
            "opened": 1,
            "settled": 1
        },
        "0x171f0ea871A26cE1518c70AFfe8dccD919873B21": {
            "closed": 0,
            "opened": 2,
            "settled": 2
        },
        "0x1F916ab5cf1B30B22f24Ebf435f53Ee665344Acf": {
            "closed": 0,
            "opened": 9,
            "settled": 1
        },
        "0x1f0B8Fbc1917D1bcA72a74ec539185ca7dA9e3f6": {
            "closed": 0,
            "opened": 2,
            "settled": 0
        },
        "0x23BdCB833803068300Aa864575D6b06FFDA118d5": {
            "closed": 0,
            "opened": 1,
            "settled": 0
        },
        "0x23BeDB6D27597243745d04F33Dd1C6548cF13003": {
            "closed": 0,
            "opened": 1,
            "settled": 3
        },
        "0x2fa2C6429f9F4A25C5A88F68dDA1D1466518516e": {
            "closed": 0,
            "opened": 1,
            "settled": 0
        },
        "0x336c792358e7E1A0476c48fd99f099D154778B15": {
            "closed": 0,
            "opened": 0,
            "settled": 1
        },
        "0x4B9140D7E6f2B96d459caD2d81F1C1c483856a8E": {
            "closed": 0,
            "opened": 1,
            "settled": 0
        },
        "0x4ab9706dA3C0098C4e251Ed2BB81D388C05D9A12": {
            "closed": 0,
            "opened": 1,
            "settled": 0
        },
        "0x52Adaf45Cbb1075Df1E1FB974962e8251434857F": {
            "closed": 0,
            "opened": 1,
            "settled": 0
        },
        "0x67C05C4ee6ECeef3b24c3e1E7cbD632446C71f1f": {
            "closed": 0,
            "opened": 0,
            "settled": 2
        },
        "0x69b1fbC87DeEa5188daadC629eD48570857C3Aa3": {
            "closed": 0,
            "opened": 1,
            "settled": 0
        },
        "0x70EEd2C6fa39668d45740FE6589649293661Ae5b": {
            "closed": 0,
            "opened": 1,
            "settled": 0
        },
        "0x7EBCB45883298624C7F721065C8BB61e6Dee0278": {
            "closed": 0,
            "opened": 2,
            "settled": 0
        },
        "0x949e47d1E0C5351eCBb7C50bB5Dcf3fE915468e9": {
            "closed": 0,
            "opened": 3,
            "settled": 7
        },
        "0x97B8EA0906Fa8381BC38B0d8cDa5b4850CC30450": {
            "closed": 0,
            "opened": 1,
            "settled": 0
        },
        "0x99B380caF76D3d631Db350ecc758fBA3af684085": {
            "closed": 0,
            "opened": 2,
            "settled": 0
        },
        "0x9bf12572aBd794b031313fE286040ce727eC6191": {
            "closed": 0,
            "opened": 1,
            "settled": 0
        },
        "0xAa1Ab1fDA93e14c2d564B25Ba08c9d374F5F9541": {
            "closed": 0,
            "opened": 1,
            "settled": 2
        },
        "0xC39Be78851062dB032788F56563E82Cc612D255c": {
            "closed": 0,
            "opened": 2,
            "settled": 0
        },
        "0xD21429c183Dd0e7a0988C68B7d2Cf65Dab088aD5": {
            "closed": 0,
            "opened": 2,
            "settled": 0
        },
        "0xDAad27196951Bd48a12a22A5c79923c93066Bc4b": {
            "closed": 0,
            "opened": 1,
            "settled": 8
        },
        "0xDb93bd04Ce2e2B42630c9ab1e0B171D73cB66264": {
            "closed": 0,
            "opened": 2,
            "settled": 0
        },
        "0xF8C816E16743D7Df3c87872891c9e7A5054Ed3fe": {
            "closed": 0,
            "opened": 1,
            "settled": 0
        },
        "0xFb720830f8D295DAdE5dd131895AfA46223c0a09": {
            "closed": 0,
            "opened": 0,
            "settled": 3
        },
        "0xaaa7890fDaD9abFa367e4D08b2e674678236758e": {
            "closed": 0,
            "opened": 2,
            "settled": 0
        },
        "0xb9953c06DfdF579f13C089e5583c23Cd2E28302f": {
            "closed": 0,
            "opened": 0,
            "settled": 3
        },
        "0xc5c2D2F246de822e4e34c40e857af065533b6Bf7": {
            "closed": 0,
            "opened": 1,
            "settled": 2
        },
        "0xd4D160C26DD3cc0E2F75DC4d49B3BaeEb92276d7": {
            "closed": 0,
            "opened": 1,
            "settled": 0
        },
        "0xd8fc6Df26689B63E7B3008B32cBd7205d48FAB3c": {
            "closed": 0,
            "opened": 0,
            "settled": 1
        },
        "0xd97938A02911cB90338D4c3da7e62C37dc700bdE": {
            "closed": 0,
            "opened": 2,
            "settled": 4
        },
        "0xdD29eA8d403365BcbFFd659a13d4A24370e2d940": {
            "closed": 0,
            "opened": 2,
            "settled": 2
        },
        "0xddd21DdB7657E07337acba30Da5987BB7A4d24af": {
            "closed": 0,
            "opened": 1,
            "settled": 8
        },
        "0xde8bb691fB44C0452ac9ff79374550587A7d2597": {
            "closed": 0,
            "opened": 2,
            "settled": 4
        },
        "0xeB64730c0E9fEc17816dCCc10F014B2868B7e5fc": {
            "closed": 0,
            "opened": 1,
            "settled": 0
        },
        "0xfc964FBFA4C46Dcaf66D411c13A46863B47960E3": {
            "closed": 0,
            "opened": 2,
            "settled": 0
        }
    },
    "num_channels_closed": 0,
    "num_channels_opened": 29,
    "num_channels_settled": 29,
    "num_channels_total": 58,
    "token": {
        "address": "0xC563388e2e2fdD422166eD5E76971D11eD37A466",
        "decimals": 18,
        "name": "TestToken",
        "symbol": "TTT"
    },
    "total_deposits": 883328800003000000000
}